{
  "benchmark_name": "mark_distribution_sampling",
  "dataset_name": "mark_baseline",
  "num_event_types": 2,
  "metrics": {
    "type_accuracy_mean": 57.14285969734192,
    "type_accuracy_std": 0.0,
    "type_accuracy_min": 57.14285969734192,
    "type_accuracy_max": 57.14285969734192,
    "macro_f1score_mean": 55.73122501373291,
    "macro_f1score_std": 0.0,
    "macro_f1score_min": 55.73122501373291,
    "macro_f1score_max": 55.73122501373291,
    "recall_mean": 55.87096810340881,
    "recall_std": 0.0,
    "recall_min": 55.87096810340881,
    "recall_max": 55.87096810340881,
    "precision_mean": 56.190478801727295,
    "precision_std": 0.0,
    "precision_min": 56.190478801727295,
    "precision_max": 56.190478801727295,
    "cross_entropy_mean": 0.7418331503868103,
    "cross_entropy_std": 0.0,
    "cross_entropy_min": 0.7418331503868103,
    "cross_entropy_max": 0.7418331503868103,
    "confusion_matrix": [
      [
        11,
        14
      ],
      [
        10,
        21
      ]
    ]
  },
  "num_batches_evaluated": 1,
  "distribution_stats": {
    "entropy": 0.6873963475227356
  }
}